{
  "_format": "hh-sol-cache-2",
  "files": {
    "D:\\upjob\\SolidityJobRepo\\TestingHardhatSolidityProject\\contracts\\Badge.sol": {
      "lastModificationDate": 1651405350092,
      "contentHash": "39270ea413219e22c398b6e9041d318f",
      "sourceName": "contracts/Badge.sol",
      "solcConfig": {
        "version": "0.8.4",
        "settings": {
          "optimizer": {
            "enabled": false,
            "runs": 200
          },
          "outputSelection": {
            "*": {
              "*": [
                "abi",
                "evm.bytecode",
                "evm.deployedBytecode",
                "evm.methodIdentifiers",
                "metadata"
              ],
              "": [
                "ast"
              ]
            }
          }
        }
      },
      "imports": [
        "./ERC1238/extensions/ERC1238URIStorage.sol",
        "./utils/AddressMinimal.sol"
      ],
      "versionPragmas": [
        "^0.8.0"
      ],
      "artifacts": [
        "Badge"
      ]
    },
    "D:\\upjob\\SolidityJobRepo\\TestingHardhatSolidityProject\\contracts\\ERC1238\\extensions\\ERC1238URIStorage.sol": {
      "lastModificationDate": 1651501622068,
      "contentHash": "aba655df74201287dd91bfa2a5d7fac0",
      "sourceName": "contracts/ERC1238/extensions/ERC1238URIStorage.sol",
      "solcConfig": {
        "version": "0.8.4",
        "settings": {
          "optimizer": {
            "enabled": false,
            "runs": 200
          },
          "outputSelection": {
            "*": {
              "*": [
                "abi",
                "evm.bytecode",
                "evm.deployedBytecode",
                "evm.methodIdentifiers",
                "metadata"
              ],
              "": [
                "ast"
              ]
            }
          }
        }
      },
      "imports": [
        "../ERC1238.sol",
        "./IERC1238URIStorage.sol"
      ],
      "versionPragmas": [
        "^0.8.0"
      ],
      "artifacts": [
        "ERC1238URIStorage"
      ]
    },
    "D:\\upjob\\SolidityJobRepo\\TestingHardhatSolidityProject\\contracts\\utils\\AddressMinimal.sol": {
      "lastModificationDate": 1651405350110,
      "contentHash": "2820754293b3647d74b9c0b13111deb6",
      "sourceName": "contracts/utils/AddressMinimal.sol",
      "solcConfig": {
        "version": "0.8.4",
        "settings": {
          "optimizer": {
            "enabled": false,
            "runs": 200
          },
          "outputSelection": {
            "*": {
              "*": [
                "abi",
                "evm.bytecode",
                "evm.deployedBytecode",
                "evm.methodIdentifiers",
                "metadata"
              ],
              "": [
                "ast"
              ]
            }
          }
        }
      },
      "imports": [],
      "versionPragmas": [
        "^0.8.0"
      ],
      "artifacts": [
        "Address"
      ]
    },
    "D:\\upjob\\SolidityJobRepo\\TestingHardhatSolidityProject\\contracts\\ERC1238\\ERC1238.sol": {
      "lastModificationDate": 1651405350105,
      "contentHash": "764cd79613f1c5b9d922f0f437d10330",
      "sourceName": "contracts/ERC1238/ERC1238.sol",
      "solcConfig": {
        "version": "0.8.4",
        "settings": {
          "optimizer": {
            "enabled": false,
            "runs": 200
          },
          "outputSelection": {
            "*": {
              "*": [
                "abi",
                "evm.bytecode",
                "evm.deployedBytecode",
                "evm.methodIdentifiers",
                "metadata"
              ],
              "": [
                "ast"
              ]
            }
          }
        }
      },
      "imports": [
        "./IERC1238.sol",
        "./ERC1238Approval.sol",
        "./IERC1238Receiver.sol",
        "../utils/AddressMinimal.sol"
      ],
      "versionPragmas": [
        "^0.8.0"
      ],
      "artifacts": [
        "ERC1238"
      ]
    },
    "D:\\upjob\\SolidityJobRepo\\TestingHardhatSolidityProject\\contracts\\ERC1238\\extensions\\IERC1238URIStorage.sol": {
      "lastModificationDate": 1651505199463,
      "contentHash": "96cd116f3f0ae0bfb1cc1f62edbc223c",
      "sourceName": "contracts/ERC1238/extensions/IERC1238URIStorage.sol",
      "solcConfig": {
        "version": "0.8.4",
        "settings": {
          "optimizer": {
            "enabled": false,
            "runs": 200
          },
          "outputSelection": {
            "*": {
              "*": [
                "abi",
                "evm.bytecode",
                "evm.deployedBytecode",
                "evm.methodIdentifiers",
                "metadata"
              ],
              "": [
                "ast"
              ]
            }
          }
        }
      },
      "imports": [
        "../IERC1238.sol"
      ],
      "versionPragmas": [
        "^0.8.0"
      ],
      "artifacts": [
        "IERC1238URIStorage"
      ]
    },
    "D:\\upjob\\SolidityJobRepo\\TestingHardhatSolidityProject\\contracts\\ERC1238\\IERC1238.sol": {
      "lastModificationDate": 1651405350100,
      "contentHash": "fcd6ac358e675ad1da3d5a13aa0fed47",
      "sourceName": "contracts/ERC1238/IERC1238.sol",
      "solcConfig": {
        "version": "0.8.4",
        "settings": {
          "optimizer": {
            "enabled": false,
            "runs": 200
          },
          "outputSelection": {
            "*": {
              "*": [
                "abi",
                "evm.bytecode",
                "evm.deployedBytecode",
                "evm.methodIdentifiers",
                "metadata"
              ],
              "": [
                "ast"
              ]
            }
          }
        }
      },
      "imports": [],
      "versionPragmas": [
        "^0.8.0"
      ],
      "artifacts": [
        "IERC1238"
      ]
    },
    "D:\\upjob\\SolidityJobRepo\\TestingHardhatSolidityProject\\contracts\\ERC1238\\ERC1238Approval.sol": {
      "lastModificationDate": 1651497368816,
      "contentHash": "94cbec44ecbe654282912091a969cf92",
      "sourceName": "contracts/ERC1238/ERC1238Approval.sol",
      "solcConfig": {
        "version": "0.8.4",
        "settings": {
          "optimizer": {
            "enabled": false,
            "runs": 200
          },
          "outputSelection": {
            "*": {
              "*": [
                "abi",
                "evm.bytecode",
                "evm.deployedBytecode",
                "evm.methodIdentifiers",
                "metadata"
              ],
              "": [
                "ast"
              ]
            }
          }
        }
      },
      "imports": [],
      "versionPragmas": [
        "^0.8.0"
      ],
      "artifacts": [
        "ERC1238Approval"
      ]
    },
    "D:\\upjob\\SolidityJobRepo\\TestingHardhatSolidityProject\\contracts\\ERC1238\\IERC1238Receiver.sol": {
      "lastModificationDate": 1651405350104,
      "contentHash": "dc8c8660e4e532d8ee9e24905d54e908",
      "sourceName": "contracts/ERC1238/IERC1238Receiver.sol",
      "solcConfig": {
        "version": "0.8.4",
        "settings": {
          "optimizer": {
            "enabled": false,
            "runs": 200
          },
          "outputSelection": {
            "*": {
              "*": [
                "abi",
                "evm.bytecode",
                "evm.deployedBytecode",
                "evm.methodIdentifiers",
                "metadata"
              ],
              "": [
                "ast"
              ]
            }
          }
        }
      },
      "imports": [],
      "versionPragmas": [
        "^0.8.0"
      ],
      "artifacts": [
        "IERC1238Receiver"
      ]
    },
    "D:\\upjob\\SolidityJobRepo\\TestingHardhatSolidityProject\\contracts\\utils\\IERC165.sol": {
      "lastModificationDate": 1651502709524,
      "contentHash": "48674212f545f00ae3efc963b05ffa18",
      "sourceName": "contracts/utils/IERC165.sol",
      "solcConfig": {
        "version": "0.8.4",
        "settings": {
          "optimizer": {
            "enabled": false,
            "runs": 200
          },
          "outputSelection": {
            "*": {
              "*": [
                "abi",
                "evm.bytecode",
                "evm.deployedBytecode",
                "evm.methodIdentifiers",
                "metadata"
              ],
              "": [
                "ast"
              ]
            }
          }
        }
      },
      "imports": [],
      "versionPragmas": [
        "^0.8.0"
      ],
      "artifacts": [
        "IERC165"
      ]
    },
    "D:\\upjob\\SolidityJobRepo\\TestingHardhatSolidityProject\\contracts\\Reciver.sol": {
      "lastModificationDate": 1651405350108,
      "contentHash": "9bcf4d7742511f1f0f65a8af128c490b",
      "sourceName": "contracts/Reciver.sol",
      "solcConfig": {
        "version": "0.8.4",
        "settings": {
          "optimizer": {
            "enabled": false,
            "runs": 200
          },
          "outputSelection": {
            "*": {
              "*": [
                "abi",
                "evm.bytecode",
                "evm.deployedBytecode",
                "evm.methodIdentifiers",
                "metadata"
              ],
              "": [
                "ast"
              ]
            }
          }
        }
      },
      "imports": [
        "./ERC1238/IERC1238Receiver.sol"
      ],
      "versionPragmas": [
        ">=0.7.0 <0.9.0"
      ],
      "artifacts": [
        "Reciver"
      ]
    },
    "D:\\upjob\\SolidityJobRepo\\TestingHardhatSolidityProject\\contracts\\utils\\ERC165.sol": {
      "lastModificationDate": 1651502709524,
      "contentHash": "46a182d4b952cafd81714841bad4edb0",
      "sourceName": "contracts/utils/ERC165.sol",
      "solcConfig": {
        "version": "0.8.4",
        "settings": {
          "optimizer": {
            "enabled": false,
            "runs": 200
          },
          "outputSelection": {
            "*": {
              "*": [
                "abi",
                "evm.bytecode",
                "evm.deployedBytecode",
                "evm.methodIdentifiers",
                "metadata"
              ],
              "": [
                "ast"
              ]
            }
          }
        }
      },
      "imports": [
        "./IERC165.sol"
      ],
      "versionPragmas": [
        "^0.8.0"
      ],
      "artifacts": [
        "ERC165"
      ]
    },
    "D:\\upjob\\SolidityJobRepo\\TestingHardhatSolidityProject\\contracts\\Greeter.sol": {
      "lastModificationDate": 1651491916920,
      "contentHash": "54c28c84e5277b35b8c8329ce9755dae",
      "sourceName": "contracts/Greeter.sol",
      "solcConfig": {
        "version": "0.8.4",
        "settings": {
          "optimizer": {
            "enabled": false,
            "runs": 200
          },
          "outputSelection": {
            "*": {
              "*": [
                "abi",
                "evm.bytecode",
                "evm.deployedBytecode",
                "evm.methodIdentifiers",
                "metadata"
              ],
              "": [
                "ast"
              ]
            }
          }
        }
      },
      "imports": [
        "hardhat/console.sol"
      ],
      "versionPragmas": [
        "^0.8.0"
      ],
      "artifacts": [
        "Greeter"
      ]
    },
    "D:\\upjob\\SolidityJobRepo\\TestingHardhatSolidityProject\\node_modules\\hardhat\\console.sol": {
      "lastModificationDate": 1651491916917,
      "contentHash": "cc4777addd464ea56fa35b1c45df0591",
      "sourceName": "hardhat/console.sol",
      "solcConfig": {
        "version": "0.8.4",
        "settings": {
          "optimizer": {
            "enabled": false,
            "runs": 200
          },
          "outputSelection": {
            "*": {
              "*": [
                "abi",
                "evm.bytecode",
                "evm.deployedBytecode",
                "evm.methodIdentifiers",
                "metadata"
              ],
              "": [
                "ast"
              ]
            }
          }
        }
      },
      "imports": [],
      "versionPragmas": [
        ">=0.4.22 <0.9.0"
      ],
      "artifacts": [
        "console"
      ]
    },
    "D:\\upjob\\SolidityJobRepo\\TestingHardhatSolidityProject\\contracts\\ERC1238ReceiverMock.sol": {
      "lastModificationDate": 1651755183525,
      "contentHash": "133e60cb4d4ed926be98f34f7b76bf85",
      "sourceName": "contracts/ERC1238ReceiverMock.sol",
      "solcConfig": {
        "version": "0.8.4",
        "settings": {
          "optimizer": {
            "enabled": false,
            "runs": 200
          },
          "outputSelection": {
            "*": {
              "*": [
                "abi",
                "evm.bytecode",
                "evm.deployedBytecode",
                "evm.methodIdentifiers",
                "metadata"
              ],
              "": [
                "ast"
              ]
            }
          }
        }
      },
      "imports": [
        "./ERC1238/IERC1238Receiver.sol",
        "./utils/ERC165.sol"
      ],
      "versionPragmas": [
        "^0.8.0"
      ],
      "artifacts": [
        "ERC1238ReceiverMock"
      ]
    }
  }
}
